[
  {
    "id": 3399,
    "city": "California City",
    "state": "California"
  },
  {
    "id": 10818,
    "city": "Denver",
    "state": "Colorado"
  },
  {
    "id": 18738,
    "city": "Appleton",
    "state": "Wisconsin"
  },
  {
    "id": 19049,
    "city": "Tulsa",
    "state": "Oklahoma"
  },
  {
    "id": 15115,
    "city": "Albuquerque",
    "state": "New Mexico"
  },
  {
    "id": 2793,
    "city": "Sedgwick",
    "state": "Colorado"
  },
  {
    "id": 8092,
    "city": "North Dighton",
    "state": "Massachusetts"
  },
  {
    "id": 988,
    "city": "Belfast",
    "state": "Maine"
  },
  {
    "id": 12096,
    "city": "Simcoe",
    "state": "Ontario"
  },
  {
    "id": 18870,
    "city": "Albuquerque",
    "state": "New Mexico"
  },
  {
    "id": 3187,
    "city": "Bozeman",
    "state": "Montana"
  },
  {
    "id": 6062,
    "city": "Helena",
    "state": "Montana"
  },
  {
    "id": 12098,
    "city": "Belle River",
    "state": "Ontario"
  },
  {
    "id": 16400,
    "city": "Port Mcneill",
    "state": "British Columbia"
  },
  {
    "id": 16361,
    "city": "Port Hardy",
    "state": "British Columbia"
  },
  {
    "id": 10547,
    "city": "Battle Creek",
    "state": "Michigan"
  },
  {
    "id": 13851,
    "city": "Orange",
    "state": "California"
  },
  {
    "id": 18730,
    "city": "Milwaukee",
    "state": "Wisconsin"
  },
  {
    "id": 976,
    "city": "San Jose",
    "state": "California"
  },
  {
    "id": 987,
    "city": "Puyallup",
    "state": "Washington"
  }
]